rank,bits,int,k_selected,stations,energy,objective,penalty,feasible
1,00001101,13,3,Z0|Z2|Z3,-139.697448,49.697448,0.0,True
2,00000111,7,3,Z0|Z1|Z2,-139.504218,49.504218,0.0,True
3,00001011,11,3,Z0|Z1|Z3,-138.708278,48.708278,0.0,True
4,01000101,69,3,Z0|Z2|Z6,-136.655642,46.655642,0.0,True
5,00100101,37,3,Z0|Z2|Z5,-136.542168,46.542168,0.0,True
6,10000101,133,3,Z0|Z2|Z7,-136.385971,46.385971,0.0,True
7,00010101,21,3,Z0|Z2|Z4,-136.234206,46.234206,0.0,True
8,01001001,73,3,Z0|Z3|Z6,-135.859702,45.859702,0.0,True
9,00101001,41,3,Z0|Z3|Z5,-135.746228,45.746228,0.0,True
10,01000011,67,3,Z0|Z1|Z6,-135.666472,45.666472,0.0,True
11,10001001,137,3,Z0|Z3|Z7,-135.590031,45.590031,0.0,True
12,00100011,35,3,Z0|Z1|Z5,-135.552998,45.552998,0.0,True
13,00011001,25,3,Z0|Z3|Z4,-135.438266,45.438266,0.0,True
14,10000011,131,3,Z0|Z1|Z7,-135.396801,45.396801,0.0,True
15,00010011,19,3,Z0|Z1|Z4,-135.245036,45.245036,0.0,True
16,00001111,15,4,Z0|Z1|Z2|Z3,-134.982186,54.982186,10.0,False
17,01100001,97,3,Z0|Z5|Z6,-132.704422,42.704422,0.0,True
18,11000001,193,3,Z0|Z6|Z7,-132.548225,42.548225,0.0,True
19,10100001,161,3,Z0|Z5|Z7,-132.434751,42.434751,0.0,True
20,01010001,81,3,Z0|Z4|Z6,-132.39646,42.39646,0.0,True
21,00110001,49,3,Z0|Z4|Z5,-132.282985,42.282985,0.0,True
22,01001101,77,4,Z0|Z2|Z3|Z6,-132.13361,52.13361,10.0,False
23,10010001,145,3,Z0|Z4|Z7,-132.126788,42.126788,0.0,True
24,00101101,45,4,Z0|Z2|Z3|Z5,-132.020136,52.020136,10.0,False
25,01000111,71,4,Z0|Z1|Z2|Z6,-131.94038,51.94038,10.0,False
26,10001101,141,4,Z0|Z2|Z3|Z7,-131.863939,51.863939,10.0,False
27,00100111,39,4,Z0|Z1|Z2|Z5,-131.826906,51.826906,10.0,False
28,00011101,29,4,Z0|Z2|Z3|Z4,-131.712174,51.712174,10.0,False
29,10000111,135,4,Z0|Z1|Z2|Z7,-131.670709,51.670709,10.0,False
30,00010111,23,4,Z0|Z1|Z2|Z4,-131.518944,51.518944,10.0,False
31,01001011,75,4,Z0|Z1|Z3|Z6,-131.14444,51.14444,10.0,False
32,00101011,43,4,Z0|Z1|Z3|Z5,-131.030966,51.030966,10.0,False
33,10001011,139,4,Z0|Z1|Z3|Z7,-130.874769,50.874769,10.0,False
34,00011011,27,4,Z0|Z1|Z3|Z4,-130.723004,50.723004,10.0,False
35,01100101,101,4,Z0|Z2|Z5|Z6,-128.97833,48.97833,10.0,False
36,11000101,197,4,Z0|Z2|Z6|Z7,-128.822133,48.822133,10.0,False
37,10100101,165,4,Z0|Z2|Z5|Z7,-128.708659,48.708659,10.0,False
38,01010101,85,4,Z0|Z2|Z4|Z6,-128.670368,48.670368,10.0,False
39,00110101,53,4,Z0|Z2|Z4|Z5,-128.556894,48.556894,10.0,False
40,10010101,149,4,Z0|Z2|Z4|Z7,-128.400697,48.400697,10.0,False
41,01101001,105,4,Z0|Z3|Z5|Z6,-128.18239,48.18239,10.0,False
42,11001001,201,4,Z0|Z3|Z6|Z7,-128.026193,48.026193,10.0,False
43,01100011,99,4,Z0|Z1|Z5|Z6,-127.98916,47.98916,10.0,False
44,10101001,169,4,Z0|Z3|Z5|Z7,-127.912719,47.912719,10.0,False
45,01011001,89,4,Z0|Z3|Z4|Z6,-127.874428,47.874428,10.0,False
46,11000011,195,4,Z0|Z1|Z6|Z7,-127.832963,47.832963,10.0,False
47,00111001,57,4,Z0|Z3|Z4|Z5,-127.760954,47.760954,10.0,False
48,10100011,163,4,Z0|Z1|Z5|Z7,-127.719489,47.719489,10.0,False
49,01010011,83,4,Z0|Z1|Z4|Z6,-127.681198,47.681198,10.0,False
50,10011001,153,4,Z0|Z3|Z4|Z7,-127.604757,47.604757,10.0,False
51,00110011,51,4,Z0|Z1|Z4|Z5,-127.567723,47.567723,10.0,False
52,10010011,147,4,Z0|Z1|Z4|Z7,-127.411526,47.411526,10.0,False
53,11100001,225,4,Z0|Z5|Z6|Z7,-124.870913,44.870913,10.0,False
54,01110001,113,4,Z0|Z4|Z5|Z6,-124.719147,44.719147,10.0,False
55,11010001,209,4,Z0|Z4|Z6|Z7,-124.56295,44.56295,10.0,False
56,10110001,177,4,Z0|Z4|Z5|Z7,-124.449476,44.449476,10.0,False
57,00000101,5,2,Z0|Z2,-124.21948,44.21948,10.0,False
58,00001001,9,2,Z0|Z3,-123.42354,43.42354,10.0,False
59,00000011,3,2,Z0|Z1,-123.23031,43.23031,10.0,False
60,01000001,65,2,Z0|Z6,-120.381734,40.381734,10.0,False
61,00100001,33,2,Z0|Z5,-120.26826,40.26826,10.0,False
62,10000001,129,2,Z0|Z7,-120.112063,40.112063,10.0,False
63,00010001,17,2,Z0|Z4,-119.960297,39.960297,10.0,False
64,01001111,79,5,Z0|Z1|Z2|Z3|Z6,-107.418348,57.418348,40.0,False
65,00101111,47,5,Z0|Z1|Z2|Z3|Z5,-107.304874,57.304874,40.0,False
66,10001111,143,5,Z0|Z1|Z2|Z3|Z7,-107.148677,57.148677,40.0,False
67,00001110,14,3,Z1|Z2|Z3,-107.036614,17.036614,0.0,True
68,00011111,31,5,Z0|Z1|Z2|Z3|Z4,-106.996912,56.996912,40.0,False
69,01101101,109,5,Z0|Z2|Z3|Z5|Z6,-104.456298,54.456298,40.0,False
70,11001101,205,5,Z0|Z2|Z3|Z6|Z7,-104.300101,54.300101,40.0,False
71,01100111,103,5,Z0|Z1|Z2|Z5|Z6,-104.263068,54.263068,40.0,False
72,01001100,76,3,Z2|Z3|Z6,-104.188038,14.188038,0.0,True
73,10101101,173,5,Z0|Z2|Z3|Z5|Z7,-104.186627,54.186627,40.0,False
74,01011101,93,5,Z0|Z2|Z3|Z4|Z6,-104.148336,54.148336,40.0,False
75,11000111,199,5,Z0|Z1|Z2|Z6|Z7,-104.106871,54.106871,40.0,False
76,00101100,44,3,Z2|Z3|Z5,-104.074564,14.074564,0.0,True
77,00111101,61,5,Z0|Z2|Z3|Z4|Z5,-104.034862,54.034862,40.0,False
78,01000110,70,3,Z1|Z2|Z6,-103.994808,13.994808,0.0,True
79,10100111,167,5,Z0|Z1|Z2|Z5|Z7,-103.993397,53.993397,40.0,False
80,01010111,87,5,Z0|Z1|Z2|Z4|Z6,-103.955106,53.955106,40.0,False
81,10001100,140,3,Z2|Z3|Z7,-103.918367,13.918367,0.0,True
82,00100110,38,3,Z1|Z2|Z5,-103.881334,13.881334,0.0,True
83,10011101,157,5,Z0|Z2|Z3|Z4|Z7,-103.878665,53.878665,40.0,False
84,00110111,55,5,Z0|Z1|Z2|Z4|Z5,-103.841632,53.841632,40.0,False
85,00011100,28,3,Z2|Z3|Z4,-103.766602,13.766602,0.0,True
86,10000110,134,3,Z1|Z2|Z7,-103.725137,13.725137,0.0,True
87,10010111,151,5,Z0|Z1|Z2|Z4|Z7,-103.685435,53.685435,40.0,False
88,00010110,22,3,Z1|Z2|Z4,-103.573372,13.573372,0.0,True
89,01101011,107,5,Z0|Z1|Z3|Z5|Z6,-103.467128,53.467128,40.0,False
90,11001011,203,5,Z0|Z1|Z3|Z6|Z7,-103.310931,53.310931,40.0,False
91,01001010,74,3,Z1|Z3|Z6,-103.198868,13.198868,0.0,True
92,10101011,171,5,Z0|Z1|Z3|Z5|Z7,-103.197457,53.197457,40.0,False
93,01011011,91,5,Z0|Z1|Z3|Z4|Z6,-103.159166,53.159166,40.0,False
94,00101010,42,3,Z1|Z3|Z5,-103.085394,13.085394,0.0,True
95,00111011,59,5,Z0|Z1|Z3|Z4|Z5,-103.045692,53.045692,40.0,False
96,10001010,138,3,Z1|Z3|Z7,-102.929197,12.929197,0.0,True
97,10011011,155,5,Z0|Z1|Z3|Z4|Z7,-102.889495,52.889495,40.0,False
98,00011010,26,3,Z1|Z3|Z4,-102.777432,12.777432,0.0,True
99,11100101,229,5,Z0|Z2|Z5|Z6|Z7,-101.144821,51.144821,40.0,False
100,01100100,100,3,Z2|Z5|Z6,-101.032758,11.032758,0.0,True
101,01110101,117,5,Z0|Z2|Z4|Z5|Z6,-100.993056,50.993056,40.0,False
102,11000100,196,3,Z2|Z6|Z7,-100.876561,10.876561,0.0,True
103,11010101,213,5,Z0|Z2|Z4|Z6|Z7,-100.836859,50.836859,40.0,False
104,10100100,164,3,Z2|Z5|Z7,-100.763087,10.763087,0.0,True
105,01010100,84,3,Z2|Z4|Z6,-100.724796,10.724796,0.0,True
106,10110101,181,5,Z0|Z2|Z4|Z5|Z7,-100.723384,50.723384,40.0,False
107,00110100,52,3,Z2|Z4|Z5,-100.611322,10.611322,0.0,True
108,10010100,148,3,Z2|Z4|Z7,-100.455125,10.455125,0.0,True
109,11101001,233,5,Z0|Z3|Z5|Z6|Z7,-100.348881,50.348881,40.0,False
110,01101000,104,3,Z3|Z5|Z6,-100.236818,10.236818,0.0,True
111,01111001,121,5,Z0|Z3|Z4|Z5|Z6,-100.197116,50.197116,40.0,False
112,11100011,227,5,Z0|Z1|Z5|Z6|Z7,-100.155651,50.155651,40.0,False
113,11001000,200,3,Z3|Z6|Z7,-100.080621,10.080621,0.0,True
114,01100010,98,3,Z1|Z5|Z6,-100.043588,10.043588,0.0,True
115,11011001,217,5,Z0|Z3|Z4|Z6|Z7,-100.040919,50.040919,40.0,False
116,01110011,115,5,Z0|Z1|Z4|Z5|Z6,-100.003886,50.003886,40.0,False
117,10101000,168,3,Z3|Z5|Z7,-99.967147,9.967147,0.0,True
118,01011000,88,3,Z3|Z4|Z6,-99.928856,9.928856,0.0,True
119,10111001,185,5,Z0|Z3|Z4|Z5|Z7,-99.927445,49.927445,40.0,False
120,11000010,194,3,Z1|Z6|Z7,-99.887391,9.887391,0.0,True
121,11010011,211,5,Z0|Z1|Z4|Z6|Z7,-99.847689,49.847689,40.0,False
122,00111000,56,3,Z3|Z4|Z5,-99.815382,9.815382,0.0,True
123,10100010,162,3,Z1|Z5|Z7,-99.773917,9.773917,0.0,True
124,01010010,82,3,Z1|Z4|Z6,-99.735626,9.735626,0.0,True
125,10110011,179,5,Z0|Z1|Z4|Z5|Z7,-99.734214,49.734214,40.0,False
126,10011000,152,3,Z3|Z4|Z7,-99.659185,9.659185,0.0,True
127,00110010,50,3,Z1|Z4|Z5,-99.622152,9.622152,0.0,True
128,01001110,78,4,Z1|Z2|Z3|Z6,-99.472776,19.472776,10.0,False
129,10010010,146,3,Z1|Z4|Z7,-99.465955,9.465955,0.0,True
130,00101110,46,4,Z1|Z2|Z3|Z5,-99.359302,19.359302,10.0,False
131,10001110,142,4,Z1|Z2|Z3|Z7,-99.203105,19.203105,10.0,False
132,00011110,30,4,Z1|Z2|Z3|Z4,-99.05134,19.05134,10.0,False
133,11100000,224,3,Z5|Z6|Z7,-96.925341,6.925341,0.0,True
134,11110001,241,5,Z0|Z4|Z5|Z6|Z7,-96.885638,46.885638,40.0,False
135,01110000,112,3,Z4|Z5|Z6,-96.773576,6.773576,0.0,True
136,11010000,208,3,Z4|Z6|Z7,-96.617379,6.617379,0.0,True
137,01101100,108,4,Z2|Z3|Z5|Z6,-96.510726,16.510726,10.0,False
138,10110000,176,3,Z4|Z5|Z7,-96.503905,6.503905,0.0,True
139,11001100,204,4,Z2|Z3|Z6|Z7,-96.354529,16.354529,10.0,False
140,01100110,102,4,Z1|Z2|Z5|Z6,-96.317496,16.317496,10.0,False
141,10101100,172,4,Z2|Z3|Z5|Z7,-96.241055,16.241055,10.0,False
142,01011100,92,4,Z2|Z3|Z4|Z6,-96.202764,16.202764,10.0,False
143,11000110,198,4,Z1|Z2|Z6|Z7,-96.161299,16.161299,10.0,False
144,00111100,60,4,Z2|Z3|Z4|Z5,-96.08929,16.08929,10.0,False
145,10100110,166,4,Z1|Z2|Z5|Z7,-96.047825,16.047825,10.0,False
146,01010110,86,4,Z1|Z2|Z4|Z6,-96.009534,16.009534,10.0,False
147,10011100,156,4,Z2|Z3|Z4|Z7,-95.933093,15.933093,10.0,False
148,00110110,54,4,Z1|Z2|Z4|Z5,-95.89606,15.89606,10.0,False
149,10010110,150,4,Z1|Z2|Z4|Z7,-95.739863,15.739863,10.0,False
150,01101010,106,4,Z1|Z3|Z5|Z6,-95.521556,15.521556,10.0,False
151,11001010,202,4,Z1|Z3|Z6|Z7,-95.365359,15.365359,10.0,False
152,10101010,170,4,Z1|Z3|Z5|Z7,-95.251885,15.251885,10.0,False
153,01011010,90,4,Z1|Z3|Z4|Z6,-95.213594,15.213594,10.0,False
154,00111010,58,4,Z1|Z3|Z4|Z5,-95.10012,15.10012,10.0,False
155,10011010,154,4,Z1|Z3|Z4|Z7,-94.943923,14.943923,10.0,False
156,11100100,228,4,Z2|Z5|Z6|Z7,-93.199249,13.199249,10.0,False
157,01110100,116,4,Z2|Z4|Z5|Z6,-93.047484,13.047484,10.0,False
158,11010100,212,4,Z2|Z4|Z6|Z7,-92.891287,12.891287,10.0,False
159,10110100,180,4,Z2|Z4|Z5|Z7,-92.777813,12.777813,10.0,False
160,11101000,232,4,Z3|Z5|Z6|Z7,-92.403309,12.403309,10.0,False
161,01111000,120,4,Z3|Z4|Z5|Z6,-92.251544,12.251544,10.0,False
162,11100010,226,4,Z1|Z5|Z6|Z7,-92.210079,12.210079,10.0,False
163,11011000,216,4,Z3|Z4|Z6|Z7,-92.095347,12.095347,10.0,False
164,01110010,114,4,Z1|Z4|Z5|Z6,-92.058314,12.058314,10.0,False
165,10111000,184,4,Z3|Z4|Z5|Z7,-91.981873,11.981873,10.0,False
166,11010010,210,4,Z1|Z4|Z6|Z7,-91.902117,11.902117,10.0,False
167,10110010,178,4,Z1|Z4|Z5|Z7,-91.788643,11.788643,10.0,False
168,00001100,12,2,Z2|Z3,-91.751876,11.751876,10.0,False
169,00000110,6,2,Z1|Z2,-91.558646,11.558646,10.0,False
170,00001010,10,2,Z1|Z3,-90.762706,10.762706,10.0,False
171,11110000,240,4,Z4|Z5|Z6|Z7,-88.940067,8.940067,10.0,False
172,01000100,68,2,Z2|Z6,-88.71007,8.71007,10.0,False
173,00100100,36,2,Z2|Z5,-88.596596,8.596596,10.0,False
174,10000100,132,2,Z2|Z7,-88.440399,8.440399,10.0,False
175,00010100,20,2,Z2|Z4,-88.288634,8.288634,10.0,False
176,00000001,1,1,Z0,-87.945572,37.945572,40.0,False
177,01001000,72,2,Z3|Z6,-87.91413,7.91413,10.0,False
178,00101000,40,2,Z3|Z5,-87.800656,7.800656,10.0,False
179,01000010,66,2,Z1|Z6,-87.7209,7.7209,10.0,False
180,10001000,136,2,Z3|Z7,-87.644459,7.644459,10.0,False
181,00100010,34,2,Z1|Z5,-87.607426,7.607426,10.0,False
182,00011000,24,2,Z3|Z4,-87.492694,7.492694,10.0,False
183,10000010,130,2,Z1|Z7,-87.451229,7.451229,10.0,False
184,00010010,18,2,Z1|Z4,-87.299464,7.299464,10.0,False
185,01100000,96,2,Z5|Z6,-84.75885,4.75885,10.0,False
186,11000000,192,2,Z6|Z7,-84.602653,4.602653,10.0,False
187,10100000,160,2,Z5|Z7,-84.489179,4.489179,10.0,False
188,01010000,80,2,Z4|Z6,-84.450888,4.450888,10.0,False
189,00110000,48,2,Z4|Z5,-84.337414,4.337414,10.0,False
190,10010000,144,2,Z4|Z7,-84.181217,4.181217,10.0,False
191,01101110,110,5,Z1|Z2|Z3|Z5|Z6,-71.795464,21.795464,40.0,False
192,11001110,206,5,Z1|Z2|Z3|Z6|Z7,-71.639267,21.639267,40.0,False
193,10101110,174,5,Z1|Z2|Z3|Z5|Z7,-71.525793,21.525793,40.0,False
194,01011110,94,5,Z1|Z2|Z3|Z4|Z6,-71.487502,21.487502,40.0,False
195,00111110,62,5,Z1|Z2|Z3|Z4|Z5,-71.374028,21.374028,40.0,False
196,10011110,158,5,Z1|Z2|Z3|Z4|Z7,-71.217831,21.217831,40.0,False
197,11101100,236,5,Z2|Z3|Z5|Z6|Z7,-68.677217,18.677217,40.0,False
198,01111100,124,5,Z2|Z3|Z4|Z5|Z6,-68.525452,18.525452,40.0,False
199,11100110,230,5,Z1|Z2|Z5|Z6|Z7,-68.483987,18.483987,40.0,False
200,11011100,220,5,Z2|Z3|Z4|Z6|Z7,-68.369255,18.369255,40.0,False
201,01110110,118,5,Z1|Z2|Z4|Z5|Z6,-68.332222,18.332222,40.0,False
202,10111100,188,5,Z2|Z3|Z4|Z5|Z7,-68.255781,18.255781,40.0,False
203,11010110,214,5,Z1|Z2|Z4|Z6|Z7,-68.176025,18.176025,40.0,False
204,10110110,182,5,Z1|Z2|Z4|Z5|Z7,-68.062551,18.062551,40.0,False
205,11101010,234,5,Z1|Z3|Z5|Z6|Z7,-67.688047,17.688047,40.0,False
206,01111010,122,5,Z1|Z3|Z4|Z5|Z6,-67.536282,17.536282,40.0,False
207,11011010,218,5,Z1|Z3|Z4|Z6|Z7,-67.380085,17.380085,40.0,False
208,10111010,186,5,Z1|Z3|Z4|Z5|Z7,-67.266611,17.266611,40.0,False
209,11110100,244,5,Z2|Z4|Z5|Z6|Z7,-65.213975,15.213975,40.0,False
210,11111000,248,5,Z3|Z4|Z5|Z6|Z7,-64.418035,14.418035,40.0,False
211,11110010,242,5,Z1|Z4|Z5|Z6|Z7,-64.224805,14.224805,40.0,False
212,01101111,111,6,Z0|Z1|Z2|Z3|Z5|Z6,-59.741036,59.741036,90.0,False
213,11001111,207,6,Z0|Z1|Z2|Z3|Z6|Z7,-59.584839,59.584839,90.0,False
214,10101111,175,6,Z0|Z1|Z2|Z3|Z5|Z7,-59.471365,59.471365,90.0,False
215,01011111,95,6,Z0|Z1|Z2|Z3|Z4|Z6,-59.433074,59.433074,90.0,False
216,00111111,63,6,Z0|Z1|Z2|Z3|Z4|Z5,-59.3196,59.3196,90.0,False
217,10011111,159,6,Z0|Z1|Z2|Z3|Z4|Z7,-59.163403,59.163403,90.0,False
218,11101101,237,6,Z0|Z2|Z3|Z5|Z6|Z7,-56.622789,56.622789,90.0,False
219,01111101,125,6,Z0|Z2|Z3|Z4|Z5|Z6,-56.471024,56.471024,90.0,False
220,11100111,231,6,Z0|Z1|Z2|Z5|Z6|Z7,-56.429559,56.429559,90.0,False
221,11011101,221,6,Z0|Z2|Z3|Z4|Z6|Z7,-56.314827,56.314827,90.0,False
222,01110111,119,6,Z0|Z1|Z2|Z4|Z5|Z6,-56.277794,56.277794,90.0,False
223,00000100,4,1,Z2,-56.273908,6.273908,40.0,False
224,10111101,189,6,Z0|Z2|Z3|Z4|Z5|Z7,-56.201353,56.201353,90.0,False
225,11010111,215,6,Z0|Z1|Z2|Z4|Z6|Z7,-56.121597,56.121597,90.0,False
226,10110111,183,6,Z0|Z1|Z2|Z4|Z5|Z7,-56.008123,56.008123,90.0,False
227,11101011,235,6,Z0|Z1|Z3|Z5|Z6|Z7,-55.633619,55.633619,90.0,False
228,01111011,123,6,Z0|Z1|Z3|Z4|Z5|Z6,-55.481854,55.481854,90.0,False
229,00001000,8,1,Z3,-55.477968,5.477968,40.0,False
230,11011011,219,6,Z0|Z1|Z3|Z4|Z6|Z7,-55.325657,55.325657,90.0,False
231,00000010,2,1,Z1,-55.284738,5.284738,40.0,False
232,10111011,187,6,Z0|Z1|Z3|Z4|Z5|Z7,-55.212183,55.212183,90.0,False
233,11110101,245,6,Z0|Z2|Z4|Z5|Z6|Z7,-53.159547,53.159547,90.0,False
234,01000000,64,1,Z6,-52.436162,2.436162,40.0,False
235,11111001,249,6,Z0|Z3|Z4|Z5|Z6|Z7,-52.363607,52.363607,90.0,False
236,00100000,32,1,Z5,-52.322688,2.322688,40.0,False
237,11110011,243,6,Z0|Z1|Z4|Z5|Z6|Z7,-52.170377,52.170377,90.0,False
238,10000000,128,1,Z7,-52.166491,2.166491,40.0,False
239,00010000,16,1,Z4,-52.014726,2.014726,40.0,False
240,11101110,238,6,Z1|Z2|Z3|Z5|Z6|Z7,-23.961955,23.961955,90.0,False
241,01111110,126,6,Z1|Z2|Z3|Z4|Z5|Z6,-23.81019,23.81019,90.0,False
242,11011110,222,6,Z1|Z2|Z3|Z4|Z6|Z7,-23.653993,23.653993,90.0,False
243,10111110,190,6,Z1|Z2|Z3|Z4|Z5|Z7,-23.540519,23.540519,90.0,False
244,11111100,252,6,Z2|Z3|Z4|Z5|Z6|Z7,-20.691943,20.691943,90.0,False
245,11110110,246,6,Z1|Z2|Z4|Z5|Z6|Z7,-20.498713,20.498713,90.0,False
246,11111010,250,6,Z1|Z3|Z4|Z5|Z6|Z7,-19.702773,19.702773,90.0,False
247,00000000,0,0,,0.0,0.0,90.0,False
248,11101111,239,7,Z0|Z1|Z2|Z3|Z5|Z6|Z7,8.092473,61.907527,160.0,False
249,01111111,127,7,Z0|Z1|Z2|Z3|Z4|Z5|Z6,8.244238,61.755762,160.0,False
250,11011111,223,7,Z0|Z1|Z2|Z3|Z4|Z6|Z7,8.400435,61.599565,160.0,False
251,10111111,191,7,Z0|Z1|Z2|Z3|Z4|Z5|Z7,8.513909,61.486091,160.0,False
252,11111101,253,7,Z0|Z2|Z3|Z4|Z5|Z6|Z7,11.362485,58.637515,160.0,False
253,11110111,247,7,Z0|Z1|Z2|Z4|Z5|Z6|Z7,11.555715,58.444285,160.0,False
254,11111011,251,7,Z0|Z1|Z3|Z4|Z5|Z6|Z7,12.351655,57.648345,160.0,False
255,11111110,254,7,Z1|Z2|Z3|Z4|Z5|Z6|Z7,44.023319,25.976681,160.0,False
256,11111111,255,8,Z0|Z1|Z2|Z3|Z4|Z5|Z6|Z7,96.077747,63.922253,250.0,False
